Timestamp,label,AccX,AccY,AccZ,AccX_kurt,AccY_kurt,AccZ_kurt,AccX_mean,AccY_mean,AccZ_mean,AccX_median,AccY_median,AccZ_median,AccX_min,AccY_min,AccZ_min,AccX_max,AccY_max,AccZ_max,AccX_quan_25,AccY_quan_25,AccZ_quan_25,AccX_quan_50,AccY_quan_50,AccZ_quan_50,AccX_quan_75,AccY_quan_75,AccZ_quan_75,AccX_skew,AccY_skew,AccZ_skew,AccX_sum,AccY_sum,AccZ_sum,AccX_std,AccY_std,AccZ_std,AccX_var,AccY_var,AccZ_var,SignalMagnitudeArea,VectorMagnitude,MovementVariation,Energy,Entropy
1693029534,DRN,-1.41,-7.34,5.94,1.601776361677309,3.998131213422058,8.700653757520154,-2.3494936708860763,-6.471772151898732,6.370632911392406,-2.34,-6.56,6.41,-4.06,-8.75,3.91,0.47,-4.84,10.47,-2.81,-6.72,6.09,-2.34,-6.56,6.41,-1.88,-6.25,6.72,0.4124719065537808,-0.410850884832727,1.0111675666949578,-185.61,-511.26999999999987,503.28000000000003,0.7494440652982122,0.5462570999214021,0.8129013277431298,0.5616664070107109,0.2983968192145407,0.6608085686465434,1693029542.75,41146.440007004254,0.3099999999999996,8.215956606977638e+36,6.09093006842533e+19
1693029594,DRN,-2.19,-6.72,6.41,0.945528499910925,0.9754139574018752,6.978699792629666,-2.6265822784810124,-6.153924050632912,6.596075949367089,-2.34,-6.25,6.56,-5.47,-7.5,4.53,-0.78,-3.44,11.09,-2.97,-6.72,6.09,-2.34,-6.25,6.56,-2.03,-5.78,7.03,-1.078210714420324,0.974579464881077,1.6024485184302955,-207.5,-486.1600000000001,521.09,0.9527421774042537,0.8431783850583078,0.9122435259118025,0.9077176566049985,0.710949789029536,0.8321882505679975,1693029542.91,41146.44000505997,60.62,8.215956606977638e+36,6.090930065666177e+19
1693029594,DRN,-2.66,-6.56,6.41,1.320354973240509,0.14395547205657122,1.4954368567236274,-2.9132911392405063,-5.128354430379748,7.35582278481013,-2.34,-5.16,7.66,-6.56,-6.88,5.0,-1.56,-2.81,8.59,-3.2,-5.62,7.11,-2.34,-5.16,7.66,-2.19,-4.84,7.81,-1.4889325620895388,0.5162384951043413,-1.3406459489004854,-230.15,-405.14000000000004,581.1100000000002,1.2138978556265922,0.8919216223754693,0.7864927137011288,1.4735480038948392,0.7955241804608894,0.6185707887049657,1693029603.22,41146.44073039611,0.46999999999999975,8.215957771652944e+36,6.090930504872681e+19
1692380908,DRN,-2.34,-5.94,7.19,1.700035938336908,11.451029313639525,2.938092154543279,-1.588481012658228,-7.079620253164556,5.978987341772152,-1.56,-7.19,5.94,-2.5,-7.81,4.53,-1.09,-5.31,7.19,-1.72,-7.19,5.78,-1.56,-7.19,5.94,-1.41,-7.03,6.09,-1.1371113154655124,2.8428951197486176,0.11837239707094664,-125.49000000000001,-559.29,472.34000000000003,0.2855498008008811,0.36574280944602805,0.4047366821638447,0.08153868873742288,0.1337678026614736,0.16381178188899703,1692357083.28,41138.267667951215,0.6200000000000006,8.202911109416838e+36,6.085978701809706e+19
1692623460,DRN,-1.25,-6.88,5.62,7.8325326214285305,11.02576841026373,17.47536555927394,-2.808101265822785,-7.21088607594937,5.3843037974683545,-2.34,-7.19,5.16,-12.19,-17.81,1.88,0.78,-0.16,19.53,-3.59,-7.97,3.91,-2.34,-7.19,5.16,-1.6400000000000001,-6.41,6.72,-2.0651331910379414,-1.2023147826710148,3.027595117312785,-221.84,-569.6600000000002,425.36,1.8349904463870406,2.0039475080600404,2.29826505553607,3.3671899383317103,4.015805615060046,5.282022265498215,1692380916.13,41138.55733821982,0.4600000000000004,8.203373196557091e+36,6.086154154133863e+19
1692623460,DRN,-4.84,-6.09,5.62,0.6770788663495058,2.9376151366840033,2.821428776409315,-2.302151898734177,-6.719240506329113,6.024430379746836,-2.19,-6.72,6.09,-4.84,-8.59,3.28,0.31,-5.0,7.19,-2.89,-7.03,5.62,-2.19,-6.72,6.09,-1.56,-6.41,6.41,-0.5345378751486745,-0.44705458062791414,-1.1020274376865409,-181.87,-530.8199999999999,475.93000000000006,0.9759488097206055,0.5131320921353755,0.7028672903067742,0.9524760791950666,0.2633045439792275,0.4940224277831872,1692623470.9299998,41141.505187219394,0.14999999999999947,8.2080770368386e+36,6.087939849530232e+19
1692382412,DRN,-1.72,-6.88,5.94,7.576209701257099,3.341488539418323,5.837676621602675,3.76632911392405,-8.405822784810125,-1.881139240506329,4.06,-8.59,-2.19,-5.47,-9.53,-4.69,7.34,-5.16,6.25,3.75,-8.91,-3.045,4.06,-8.59,-2.19,4.765000000000001,-8.045,-1.72,-2.6793155293896853,1.4642517517105544,2.4262808672188703,297.53999999999996,-664.0599999999998,-148.60999999999999,2.1592657686181496,0.8089081079866269,2.3129423969579466,4.662428659526128,0.6543323271665046,5.349702531645571,1692382420.6000001,41138.57561219153,0.9399999999999997,8.2034023575803e+36,6.086165222607517e+19
1690895631,DRN,4.53,-8.44,-2.97,5.560288267379493,13.89159596428773,9.167555891709435,-0.031012658227848138,-8.934556962025315,-3.017721518987342,-0.62,-9.06,-2.97,-1.56,-10.0,-6.41,5.47,-5.94,-0.31,-0.78,-9.22,-3.28,-0.62,-9.06,-2.97,-0.08,-8.75,-2.66,2.5344152200349166,2.9102871056814967,-0.8806180333153321,-2.450000000000003,-705.8299999999999,-238.4,1.5864551638849433,0.5273781241351346,0.6886757068071887,2.5168399870172022,0.2781276858162935,0.474274229146381,1690891550.97,41120.45153071644,1.2500000000000009,8.174533970215178e+36,6.075195008253728e+19
1690895692,DRN,-0.78,-8.59,-3.44,1.7995071943251628,-0.19359802895449985,0.1203297054678849,-0.5035443037974684,-9.021772151898736,-3.0210126582278485,-0.47,-9.06,-2.97,-1.56,-9.69,-3.75,0.0,-8.59,-2.5,-0.7,-9.22,-3.12,-0.47,-9.06,-2.97,-0.31,-8.91,-2.81,-0.8950795171369476,-0.23611480480346886,-0.36145927836609043,-39.78,-712.7200000000001,-238.66000000000003,0.2642261947392197,0.23656602858653963,0.2986919987112565,0.06981548198636807,0.05596348588120749,0.08921691009412526,1690895640.37,41120.50123271846,0.6300000000000008,8.174613120150633e+36,6.075225072108197e+19
1690895753,DRN,-0.47,-8.91,-3.28,0.5384157894263288,1.764128922589148,-0.37353782406036595,-0.7527848101265823,-8.94012658227848,-3.008354430379747,-0.94,-8.91,-2.97,-2.34,-10.0,-3.91,0.62,-8.28,-2.03,-1.09,-9.06,-3.28,-0.94,-8.91,-2.97,-0.5449999999999999,-8.75,-2.66,0.35678972911174217,-0.5713817315678812,-0.012073849190791535,-59.47,-706.27,-237.66000000000003,0.5497433823457781,0.3003822081132471,0.4142352557756956,0.30221778643297637,0.09022947095099011,0.17159084712755593,1690895701.38,41120.501974319326,2.8,8.174614299765551e+36,6.0752255216843735e+19
1692621414,DRN,-1.25,-9.06,-2.81,0.8421462811548075,0.25826668445635814,2.428373538661854,-1.1350632911392404,-6.25759493670886,6.188987341772152,-1.09,-6.09,7.19,-4.06,-10.47,-3.28,0.31,-2.34,10.0,-1.4849999999999999,-7.19,6.25,-1.09,-6.09,7.19,-0.47,-5.31,8.12,-1.032973887465485,-0.5056187204039958,-1.9250026491849677,-89.67,-494.34999999999997,488.93,0.9294689322096117,1.6282665119138786,3.6388849359056117,0.8639124959428758,2.6512518338201887,13.241483576760789,1690895763.31,41120.50270473356,0.6300000000000001,8.174615479380598e+36,6.075225963974199e+19
1692621474,FEP,-0.94,-4.06,8.75,-0.4671021054952189,0.4627112013077608,0.8540502954488782,-1.2098734177215191,-5.547721518987341,7.523797468354432,-0.78,-5.47,7.66,-4.22,-8.59,4.69,0.16,-3.59,9.22,-2.19,-6.015000000000001,7.03,-0.78,-5.47,7.66,-0.16,-4.84,8.12,-0.773310478122872,-0.43538493105004455,-0.7417372737869213,-95.58000000000001,-438.27,594.3800000000001,1.2178822452350155,0.9083430242255409,0.8602761986375227,1.4832371632586823,0.8250870496592017,0.7400751379422263,1692621419.0,41141.48039387985,1.8800000000000001,8.208037350055177e+36,6.08792482516651e+19
1692621594,FEP,-0.62,-7.81,6.72,0.06442652039999652,0.6155963668498585,-0.04174052433119657,-1.9675949367088608,-6.2465822784810126,7.093037974683544,-1.88,-6.25,7.03,-4.84,-9.69,4.69,-0.16,-3.75,8.91,-2.58,-6.8,6.56,-1.88,-6.25,7.03,-1.09,-5.47,7.66,-0.6916312519951328,-0.36371687368231337,-0.27027353010494287,-155.44,-493.47999999999996,560.35,1.0500320082909724,1.0441410235776671,0.9693486505028738,1.1025672184355728,1.0902304771178184,0.9396368062317426,1692621482.4299998,41141.48108138549,1.8699999999999997,8.208038513888419e+36,6.087925249846236e+19
1692621594,FEP,-2.19,-5.0,7.97,-0.6494129537084725,1.3683141963658882,1.4745222106800004,-2.9086075949367087,5.37772151898734,-2.3718987341772153,-3.12,7.19,-4.22,-5.16,-6.25,-5.78,-0.47,10.0,9.53,-3.67,6.64,-4.69,-3.12,7.19,-4.22,-2.19,7.81,-3.91,0.26076863561045466,-1.7674068606846136,1.821088565469692,-229.78,424.8399999999999,-187.38,1.1494287702551624,4.744561245113562,4.6774061615248,1.3211864978902952,22.51086140863356,21.878128399870167,1692621601.19,41141.48255483752,0.6299999999999999,8.208040841555276e+36,6.087926135937568e+19
1690883231,FEP,-2.5,7.19,-3.91,0.5667323129165016,4.794079392231222,5.103160928653379,-2.254683544303798,7.616708860759492,-4.4864556962025315,-2.5,7.66,-4.53,-4.69,3.91,-7.19,1.25,10.0,-1.41,-3.12,7.19,-4.84,-2.5,7.66,-4.53,-1.7999999999999998,8.045,-4.22,0.9594645175038867,-1.1620412145505705,0.29014896978987575,-178.12000000000003,601.7199999999999,-354.43,1.2419895489083366,0.9107079825805112,0.7508150067054202,1.5425380395975334,0.8293890295358648,0.5637231742940603,1690883119.69,41120.3491557404,0.7799999999999994,8.174370992388015e+36,6.0751330788064e+19
1690883351,FEP,-4.06,7.19,-4.53,-0.17051620842293502,-0.20833085849495214,0.983230630484011,-1.8173417721518987,7.672025316455695,-4.57518987341772,-2.19,7.81,-4.53,-4.06,5.78,-5.94,1.88,9.22,-2.5,-2.97,7.19,-5.0,-2.19,7.81,-4.53,-1.25,8.28,-4.22,0.9038853562272312,-0.38165611685556794,0.33169288427907756,-143.57,606.0899999999999,-361.4399999999999,1.6034079961778522,0.7403609302517035,0.6180217836163566,2.570917202207075,0.5481343070431677,0.38195092502434275,1690883242.25,41120.35060806267,1.4099999999999993,8.174373332228043e+36,6.07513395726852e+19
1690883351,FEP,-2.66,7.66,-4.38,0.8099757072283595,0.3112778800108029,1.202563271073441,-0.27493670886075955,-6.013417721518987,-2.6156962025316455,0.31,-9.22,-2.19,-4.53,-10.0,-6.88,1.72,8.28,-0.78,0.0,-9.53,-2.5,0.31,-9.22,-2.19,0.62,-8.985,-1.88,-1.4808607158418978,1.511459721361354,-1.4316577246846447,-21.720000000000006,-475.06,-206.64,1.5736572407381129,6.68542346357912,1.2685936929552768,2.476397111327491,44.69488688737424,1.6093299578059073,1690883361.3200002,41120.352089932305,1.2499999999999996,8.174375652731047e+36,6.075134854703647e+19
1690883231,FEP,0.94,-9.22,-2.34,-0.5468852556174775,-0.2575838439747642,4.048090749944167,0.6129113924050632,-9.330379746835442,-2.11253164556962,0.62,-9.38,-2.19,-0.16,-10.0,-2.97,1.41,-8.91,-0.62,0.31,-9.53,-2.34,0.62,-9.38,-2.19,0.94,-9.14,-2.03,0.2934805239386999,-0.4711644011942461,0.8462603767233966,48.419999999999995,-737.0999999999999,-166.89,0.3684727728825138,0.23545070276111765,0.3461675463407352,0.1357721843557286,0.05543703343070417,0.11983197013956506,1690883181.16,41120.34973975781,0.6300000000000001,8.174372171976726e+36,6.07513344046683e+19
1690883292,FEP,0.31,-9.53,-1.72,0.16961570502019674,0.2641124538896227,0.30858014292655955,0.42924050632911387,-9.333037974683544,-2.1439240506329114,0.31,-9.38,-2.19,-0.47,-9.84,-3.28,1.88,-8.75,-1.41,0.0,-9.53,-2.34,0.31,-9.38,-2.19,0.78,-9.22,-1.88,0.8310947271109984,0.6236339138691595,-0.28742338171470755,33.91,-737.31,-169.37,0.510308534505826,0.2206421539006014,0.36146574019847055,0.26041480038948384,0.04868296007789667,0.1306574813372282,1690883240.84,41120.35045789371,0.47000000000000003,8.174373332228043e+36,6.075133875878942e+19
1690883352,FEP,0.31,-9.06,-2.97,-1.1636351738245105,0.8954014538244075,6.7838339463942035,0.9437974683544305,-9.30126582278481,-2.1839240506329114,0.94,-9.38,-2.19,0.0,-9.84,-4.22,2.19,-8.59,-0.47,0.39,-9.38,-2.42,0.94,-9.38,-2.19,1.41,-9.22,-2.03,0.05432838774669038,0.5764869358184042,-0.42320988439033447,74.56,-734.8,-172.53,0.6238451973445968,0.24806619819866094,0.4484715287579123,0.38918283024991884,0.061536838688737334,0.20112671210645897,1690883301.37,41120.351205333835,0.6300000000000003,8.17437451181701e+36,6.0751343264241476e+19
1692626048,FEP,1.09,-9.38,-2.34,-0.03054617912456692,-0.8213769393148485,-0.6969440775453153,-0.43430379746835446,-6.320886075949366,5.371265822784811,-0.62,-5.78,7.66,-1.72,-9.53,-2.66,1.41,-2.97,9.38,-0.86,-7.8149999999999995,2.58,-0.62,-5.78,7.66,0.0,-5.0,8.12,0.7045145328270501,-0.7583447970644771,-1.1172705906154285,-34.31,-499.3499999999999,424.3300000000001,0.6693293305075628,1.815229864566439,4.46276169730066,0.44800175267770226,3.2950594612138926,19.916241966893867,1690883362.47,41120.35194049292,0.6300000000000002,8.174375672068575e+36,6.0751347721496895e+19
1692626108,MOV,-0.94,-6.41,7.19,0.07628771211113028,0.025537384878502767,3.0491832105983936,-0.8120253164556961,-5.436835443037975,7.888987341772149,-0.78,-5.47,7.81,-1.72,-6.41,6.09,-0.16,-4.22,8.75,-1.09,-5.78,7.66,-0.78,-5.47,7.81,-0.62,-5.16,8.12,-0.00041311561689570767,0.24744317743828728,-0.7774585965703467,-64.14999999999999,-429.51,623.2299999999998,0.3067922530481291,0.44669597388678156,0.4298616203596544,0.0941214865303473,0.1995372930866602,0.18478101265822766,1692626055.3500001,41141.536683138125,2.66,8.208127237140303e+36,6.087958931453495e+19
1692626168,MOV,-1.25,-5.16,8.44,-0.35197565584293145,0.18057594843895775,1.146789153480206,-1.0232911392405066,-5.329873417721519,8.00746835443038,-1.09,-5.31,7.97,-2.03,-6.41,6.72,-0.16,-4.06,9.22,-1.25,-5.62,7.81,-1.09,-5.31,7.97,-0.7,-5.0,8.2,-0.04673789958711861,0.2348249049111019,-0.11159026447853256,-80.84000000000002,-421.06,632.59,0.4058505520034511,0.48813746926425133,0.42213580374831,0.16471467056150596,0.23827818889970792,0.17819863680623169,1692626114.41,41141.53742375217,0.7799999999999996,8.208128400983104e+36,6.087959377481166e+19
1692626168,MOV,-0.47,-5.62,7.5,1.9463260568299705,0.8634410116467479,0.17153146091680682,-1.7179746835443037,-6.6726582278481015,6.491772151898735,-1.09,-6.56,6.72,-7.34,-12.03,2.19,0.62,-2.97,10.62,-2.81,-7.66,5.47,-1.09,-6.56,6.72,-0.62,-5.62,7.66,-1.357872443812977,-0.5570147984052265,-0.44879013785109406,-135.72,-527.14,512.85,1.567584602670729,1.5728307885422903,1.5869045497394514,2.4573214865303474,2.473796689386563,2.518266049983771,1692626174.09,41141.53815683123,0.4700000000000003,8.208129564826029e+36,6.087959822520675e+19
1690803245,MOV,-0.94,-7.5,7.03,5.509804266453969,-1.2111467429726532,-1.3401351152130008,-1.5172151898734179,1.7048101265822786,-3.2296202531645566,-1.41,4.53,-6.41,-11.72,-9.53,-14.06,4.53,14.84,7.81,-2.5,-5.7,-7.81,-1.41,4.53,-6.41,-0.39,5.94,5.78,-1.1974776771436262,-0.37479431605465086,0.48068576798720797,-119.86000000000001,134.68,-255.14,2.496653111826301,6.2274532516870345,6.891834529882218,6.233276760791951,38.78117400194742,47.49738318727686,1690802900.44,41119.373579372535,2.51,8.172819885687519e+36,6.074543009581818e+19
1690803299,MOV,-1.72,7.66,-7.5,2.745926121007922,-1.2432469767609065,0.06489834488450708,0.055443037974683564,-4.466582278481013,-4.279873417721518,-0.16,-8.91,-2.97,-3.44,-9.69,-10.78,5.0,7.66,-0.78,-0.47,-9.14,-6.33,-0.16,-8.91,-2.97,0.31,4.295,-2.81,0.8394011539316961,0.8473503046856022,-1.0975533798258472,4.380000000000002,-352.86000000000007,-338.10999999999996,1.330795788017845,6.845575379176656,2.2541366495963713,1.771017429406037,46.861902271989614,5.081132035053553,1690803254.38,41119.37804660961,3.7500000000000004,8.172826710862321e+36,6.074545709315995e+19
1690882810,MOV,1.09,-7.81,-2.66,2.8518616720010157,16.166332355274193,4.40768113091376,1.5959493670886076,-8.994177215189874,-2.511645569620253,1.25,-9.22,-2.34,-1.72,-12.34,-7.97,7.03,-0.16,1.41,0.78,-9.38,-2.7350000000000003,1.25,-9.22,-2.34,1.7999999999999998,-8.91,-1.88,1.327193409663245,2.8200053011957356,-1.4995569550123231,126.08,-710.5400000000001,-198.42,1.5603365177696418,1.479636656364938,1.445787364565693,2.4346500486854916,2.189324634858813,2.090301103537812,1690803307.8999999,41119.378549292305,2.6600000000000006,8.172827754940429e+36,6.074546016358085e+19
1690885458,MOV,0.31,-9.69,-2.03,0.45120939102430846,-0.34317989839001983,0.6679699395245096,-0.5236708860759494,-9.158481012658227,-2.441012658227848,-0.62,-9.06,-2.5,-1.41,-9.69,-3.44,1.25,-8.75,-1.56,-0.94,-9.38,-2.66,-0.62,-9.06,-2.5,-0.16,-9.06,-2.19,0.9870972750887266,-0.27849419994794883,-0.11327084693888752,-41.37,-723.5199999999999,-192.84,0.5806874290832881,0.21789840379968034,0.36120380970500215,0.3371978902953587,0.04747971437844855,0.13046819214540742,1690882820.0,41120.34533682809,0.9399999999999988,8.174365191133911e+36,6.0751307788617695e+19
1690885880,MOV,-0.62,-9.22,-2.81,-0.9063344959508965,0.010701269895558863,2.907972000669447,-0.460253164556962,-9.198101265822784,-2.4302531645569623,-0.47,-9.22,-2.34,-1.25,-9.53,-3.91,0.16,-8.75,-1.72,-0.78,-9.38,-2.66,-0.47,-9.22,-2.34,-0.16,-9.06,-2.19,-0.0799972581366186,0.26528849200502724,-0.9250617423438671,-36.36,-726.65,-191.99,0.351684498333467,0.1704900624923153,0.3543139802836922,0.12368198636806234,0.029066861408633578,0.12553839662447264,1690885467.84,41120.37752939533,0.16000000000000014,8.174416396976789e+36,6.07515024952468e+19
1690889250,MOV,-0.62,-9.22,-2.34,2.643992245500948,4.091118849735006,4.682483408802785,-0.10683544303797468,-9.0773417721519,-2.8640506329113924,-0.16,-9.06,-2.66,-1.72,-11.88,-5.62,2.03,-7.66,1.72,-0.47,-9.38,-3.28,-0.16,-9.06,-2.66,0.16,-8.75,-2.34,0.7125785252700587,-0.9821559302436204,0.2746236294566254,-8.44,-717.1100000000001,-226.26,0.6528763661650776,0.696256858108763,1.0384091864140461,0.4262475494969165,0.4847736124634861,1.078293638429081,1690885889.84,41120.38266067085,0.0,8.174424557446783e+36,6.075153353272035e+19
1690889250,MOV,0.47,-8.59,-1.41,0.9981118837143907,-0.49684890189107644,3.1592915470226566,-0.39886075949367095,-8.53012658227848,-3.4292405063291143,-0.78,-8.44,-3.59,-1.88,-9.53,-4.38,2.34,-7.66,-0.94,-1.09,-8.75,-3.91,-0.78,-8.44,-3.59,0.0,-8.28,-3.12,1.1733087780908733,-0.7179593633242167,1.5974143953220115,-31.510000000000005,-673.88,-270.91,0.9357733499169553,0.4648338376151374,0.6457846988838933,0.8756717624148004,0.21607049659201594,0.4170378773125608,1690889259.06,41120.42365880974,0.7800000000000006,8.174489725400316e+36,6.075178149797447e+19
1690885412,REL,-1.41,-8.12,-3.75,-0.875037351368313,-0.02030095184526104,-0.23432580500652334,-0.6083544303797468,-8.367088607594939,-3.7439240506329106,-0.62,-8.44,-3.75,-1.56,-8.91,-4.53,0.16,-7.81,-3.12,-0.94,-8.44,-3.91,-0.62,-8.44,-3.75,-0.31,-8.28,-3.59,0.023554981967274166,-0.07347471437415246,-0.2342895680255112,-48.059999999999995,-661.0000000000001,-295.7699999999999,0.4022355171166764,0.20399944632110764,0.2931150895061571,0.16179341123012006,0.04161577409931848,0.0859164556962025,1690885360.53,41120.37623210663,0.9500000000000001,8.174414327853851e+36,6.075149461424505e+19
1690885472,REL,-0.62,-8.28,-3.91,-0.03690130363644073,-0.34275529403307026,7.761656371753984,-0.26708860759493674,-8.446582278481015,-3.6768354430379744,-0.16,-8.44,-3.59,-1.09,-8.91,-5.47,0.31,-8.12,-2.5,-0.47,-8.59,-3.91,-0.16,-8.44,-3.59,0.0,-8.28,-3.44,-0.5048950282911399,-0.2217347827440185,-0.8619358154391685,-21.1,-667.2800000000002,-290.46999999999997,0.268811018827183,0.1704058960996106,0.36569408647328705,0.07225936384290813,0.029038169425511278,0.13373216488153195,1690885420.8999999,41120.37698149179,0.47000000000000053,8.174415507447256e+36,6.075149915174669e+19
1692613950,REL,-0.31,-8.44,-3.59,2.2791629144792735,-1.1051005146668564,-1.9076784504044701,-0.3239240506329114,-6.753924050632913,3.0737974683544307,-0.31,-6.56,7.19,-1.88,-8.75,-4.22,0.47,-2.34,9.38,-0.5449999999999999,-8.44,-3.44,-0.31,-6.56,7.19,0.0,-5.234999999999999,8.045,-1.0200416174684517,0.29059820924221835,-0.3194082303476875,-25.590000000000003,-533.5600000000001,242.83,0.3885951611715541,1.6285193981206292,5.68076405654621,0.15100619928594614,2.6520754300551763,32.27108026614736,1690885480.75,41120.377712880996,0.47000000000000014,8.174416667703183e+36,6.075150358048326e+19
1692614011,REL,0.0,-5.62,8.12,0.24504620436127,3.8675851892304745,2.8011378129940847,0.2650632911392405,-5.38113924050633,8.06860759493671,0.16,-5.16,8.12,-1.25,-7.81,6.56,1.88,-4.38,8.91,0.0,-5.62,7.97,0.16,-5.16,8.12,0.62,-5.0,8.28,0.30832041597070253,-1.6474536688319423,-1.5900705472152268,20.939999999999998,-425.11000000000007,637.4200000000001,0.6230196799330672,0.5714197059635924,0.4915327523250551,0.38815352158390143,0.32652048036351833,0.24160444660824396,1692613955.62,41141.38967487608,0.9299999999999997,8.20789257016516e+36,6.087869867990847e+19
1692614011,REL,0.16,-5.31,8.28,-1.3491106617219637,-1.886499596714578,-1.9804489323022358,1.4748101265822784,-7.405316455696203,2.1474683544303796,1.25,-8.91,-2.19,-0.16,-9.69,-3.44,3.28,-4.38,8.75,0.62,-9.22,-2.66,1.25,-8.91,-2.19,2.34,-5.31,8.2,0.05390746043961498,0.2514567803067773,0.2302248991417144,116.50999999999999,-585.02,169.65,0.9997151655365791,1.9980867999439749,5.452136600324785,0.9994304122038299,3.992350860110354,29.7257935086011,1692614016.47,41141.39042193397,0.4700000000000001,8.207893753379972e+36,6.087870319950962e+19
1690888889,REL,2.34,-9.84,-2.5,-1.0158116369836403,0.24568824024007485,4.927005215743771,1.6670886075949365,-9.15645569620253,-2.2998734177215194,1.56,-9.22,-2.34,0.16,-9.84,-3.59,3.28,-8.44,0.0,1.09,-9.38,-2.5,1.56,-9.22,-2.34,2.34,-9.06,-2.11,-0.0034231727228786137,0.24016042639442234,1.1071006367913874,131.7,-723.3599999999999,-181.69000000000003,0.7123780181659068,0.2773872511752716,0.5325976344124701,0.507482440765985,0.0769436871145732,0.2836602401817591,1690888841.1799998,41120.418547237576,1.71,8.174481584219246e+36,6.075175062065247e+19
1690888950,REL,2.34,-9.06,-2.19,-0.35049335938469595,2.8148673224939373,2.8603939103971174,2.190759493670886,-9.073164556962027,-2.3755696202531644,2.34,-9.06,-2.34,0.0,-10.16,-4.69,5.47,-7.5,0.16,0.86,-9.22,-2.81,2.34,-9.06,-2.34,2.97,-8.91,-2.03,0.2931802596001046,0.826517896407505,0.5247490775299242,173.07,-716.7800000000001,-187.67,1.3813480707979349,0.4241085501583639,0.6986098776259327,1.9081224926971767,0.1798680623174295,0.48805576111652077,1690888900.3999999,41120.419286286466,0.6300000000000003,8.174482744482209e+36,6.07517550646941e+19
1690889011,REL,1.72,-7.97,-3.28,0.7206079573939732,2.1147411044545863,8.523694499282072,0.9392405063291139,-9.25126582278481,-2.428607594936709,0.78,-9.22,-2.34,0.0,-10.16,-3.44,2.66,-7.97,0.0,0.47,-9.38,-2.81,0.78,-9.22,-2.34,1.25,-9.06,-2.19,0.9127696198881596,0.3365389255234205,1.6129501175561296,74.2,-730.8499999999999,-191.86,0.5986775429139496,0.35191187376084027,0.4688768199103788,0.3584148003894839,0.12384196689386556,0.21984547224926979,1690888959.69,41120.420033725335,1.0899999999999996,8.174483924083014e+36,6.0751759552499925e+19
1690889070,REL,-0.47,-8.59,-2.19,-0.37106394314451974,0.3624675502682093,-0.518497091270206,0.5182278481012658,-9.185949367088607,-2.6444303797468356,0.47,-9.22,-2.66,-0.78,-9.84,-3.28,1.72,-8.28,-1.88,0.0,-9.38,-2.81,0.47,-9.22,-2.66,0.78,-9.06,-2.34,0.2661948404570257,0.2628177185429865,0.12758041125488156,40.94,-725.69,-208.91,0.5716973367574545,0.2984125478016829,0.3056424374625669,0.32683784485556633,0.08905004868549168,0.09341729957805912,1690889020.06,41120.420741281334,1.2600000000000007,8.17448510368395e+36,6.075176385070586e+19
1692595834,REL,0.31,-9.06,-2.34,-1.5778782749516305,8.823456504989228,-1.7686249211776623,-0.6525316455696204,-9.015569620253164,-1.180759493670886,-0.31,-9.06,-2.19,-2.81,-9.84,-3.91,1.09,-7.03,1.25,-1.9549999999999998,-9.22,-2.81,-0.31,-9.06,-2.19,0.47,-8.91,0.62,-0.22331587377070755,1.7937904516076106,0.07018166249075908,-51.55000000000001,-712.2299999999999,-93.28,1.2544244449500668,0.37761650209568737,1.748070564315234,1.573580688088283,0.14259422265498226,3.0557506978253812,1690889079.37,41120.42146245585,0.7799999999999989,8.174486244609567e+36,6.075176822769889e+19
1692595895,RES,-2.81,-8.12,0.94,0.42406880878213427,1.361116019810758,4.580480704235784,-1.3708860759493673,-9.009493670886076,0.5308860759493672,-1.41,-9.06,0.62,-2.81,-9.69,-1.25,-0.16,-8.12,1.25,-1.72,-9.22,0.31,-1.41,-9.06,0.62,-1.09,-8.91,0.78,0.24336795905576775,0.2640214931350181,-1.6450113511322957,-108.30000000000001,-711.75,41.94000000000001,0.5085580164402942,0.25567356357917614,0.4095594564814476,0.25863125608568655,0.06536897111327503,0.16773894839337877,1692595844.9299998,41141.16944217799,0.7900000000000005,8.207541180423597e+36,6.087736452935856e+19
1692595955,RES,-2.19,-9.22,0.0,-0.1273730943111322,0.6014857802359312,0.917976095673199,-1.0262025316455696,-9.093164556962025,0.19215189873417726,-0.94,-9.06,0.16,-2.34,-10.0,-0.78,0.0,-8.44,1.09,-1.41,-9.22,0.0,-0.94,-9.06,0.16,-0.62,-8.91,0.39,-0.31155991363174823,-0.04206408569365082,0.07746223582276703,-81.07,-718.3599999999999,15.180000000000003,0.5674466060897178,0.2832980866634525,0.3409100598965309,0.3219956507627393,0.08025780590717305,0.11621966893865629,1692595906.41,41141.170177694265,0.9400000000000002,8.207542363600416e+36,6.087736901937021e+19
1692595955,RES,0.16,-9.22,0.16,-1.0970124892623319,-2.0063892763208786,-1.884338633544401,-1.749620253164557,-1.6694936708860766,-2.043291139240506,-1.25,-8.75,0.16,-4.22,-9.53,-6.09,0.16,8.44,0.78,-2.66,-9.06,-4.92,-1.25,-8.75,0.16,-0.78,7.19,0.47,-0.42263558055922973,0.18616312399852164,-0.23878158189622864,-138.22,-131.89000000000004,-161.42,1.0560563347419742,8.190739282674935,2.718767028956507,1.1152549821486526,67.0882099967543,7.391694157740992,1692595964.38,41141.170935451024,1.5700000000000007,8.20754352738102e+36,6.087737360997182e+19
1690885217,RES,-2.81,7.5,-4.84,-0.8149534331429327,0.6679370433895135,0.31724958661419445,-1.022025316455696,7.836075949367089,-4.5236708860759505,-0.31,7.97,-4.53,-4.53,5.78,-5.94,1.41,9.38,-2.97,-2.7350000000000003,7.5,-5.0,-0.31,7.97,-4.53,0.0,8.28,-4.14,-0.7116304030929211,-0.6704671028712722,0.40226206915551554,-80.74,619.0500000000001,-357.3700000000001,1.5807287995770807,0.6729087600008979,0.5713752577484902,2.4987035378123985,0.45280619928594606,0.3264696851671536,1690885167.31,41120.37404608572,0.6299999999999999,8.174410576360931e+36,6.075148134890944e+19
1690885277,RES,2.97,8.12,-3.91,0.6430672501825212,0.19489535379035283,0.08379299328346246,0.4929113924050634,8.327974683544303,-4.005569620253164,0.0,8.28,-4.06,-1.41,7.34,-4.84,4.69,9.22,-2.97,-0.47,8.12,-4.22,0.0,8.28,-4.06,1.25,8.59,-3.75,1.1791132890611316,-0.09700977200080023,0.5380330085958667,38.940000000000005,657.91,-316.43999999999994,1.4824772682987069,0.3632946806545423,0.39656779688569904,2.197738851022396,0.13198302499188586,0.15726601752677705,1690885228.09,41120.37485347136,1.5599999999999992,8.174411736616333e+36,6.075148624785631e+19
1690885337,RES,1.41,8.44,-3.28,0.42360086471997205,2.873218526146147,3.101255399148782,0.07050632911392406,8.225822784810127,-4.268481012658228,0.31,8.28,-4.22,-2.5,6.25,-6.72,1.88,9.53,-2.34,-0.16,7.97,-4.53,0.31,8.28,-4.22,0.62,8.44,-3.91,-0.8985006407664932,-0.5655808691519562,-0.7940244685435316,5.57,649.84,-337.21,1.005190246993939,0.507319773720215,0.6355213660343301,1.0104074326517365,0.2573733528075301,0.403887406686141,1690885286.8500001,41120.37556795901,2.3499999999999996,8.174412896871863e+36,6.075149057798528e+19
1690885398,RES,0.94,7.5,-4.69,-1.13755260918834,-1.8902029147764607,-1.426782929733717,-0.6968354430379746,1.2435443037974678,-3.590632911392404,-0.94,7.81,-3.59,-2.5,-9.22,-5.16,1.09,8.75,-2.03,-1.41,-8.91,-4.38,-0.94,7.81,-3.59,0.0,8.28,-2.66,-0.041837393143288146,-0.39185815487291276,-0.034827538376945306,-55.05,98.23999999999995,-283.6599999999999,0.9742933590540973,8.461238170588409,0.9462575972965372,0.9492475494969163,71.59255137942228,0.8954034404414156,1690885345.44,41120.37628037954,0.0,8.174414057127515e+36,6.075149486344575e+19
1690885519,RES,-0.94,-9.06,-2.81,-1.239162018440792,7.885730902336952,1.396102753187709,-1.3146835443037974,-9.005316455696201,-2.4146835443037973,-1.41,-9.06,-2.34,-2.5,-9.69,-3.28,-0.31,-7.81,-1.25,-1.72,-9.14,-2.66,-1.41,-9.06,-2.34,-0.78,-8.91,-2.19,-0.027388711975442376,1.6422081609489627,0.31915246090102156,-103.86,-711.42,-190.76,0.5823159672818352,0.23780963860390095,0.3355891697888724,0.33909188575137933,0.05655342421291797,0.1126200908795846,1690885408.0,41120.37679788453,0.15000000000000013,8.174415236720888e+36,6.075149806535272e+19
1690885579,RES,-0.31,-9.22,-2.5,4.5085606681825485,2.727798945337797,-0.3229625814493935,-0.5162025316455697,-9.102658227848101,-2.5294936708860756,-0.31,-9.06,-2.5,-2.5,-9.53,-3.12,0.0,-8.28,-1.72,-0.5449999999999999,-9.22,-2.81,-0.31,-9.06,-2.5,-0.16,-9.06,-2.34,-2.1866288542644203,0.997484869775008,0.14031052663335541,-40.78000000000001,-719.11,-199.82999999999998,0.5869506243101918,0.20503726278448176,0.296093794625688,0.344511035378124,0.04204027913015263,0.0876715352158391,1690885528.53,41120.378274889445,0.31,8.174417576570415e+36,6.075150700450578e+19
1690885579,RES,-2.5,-8.91,-1.88,-0.5431293777801565,5.03676511499533,0.2004027317894015,-0.43784810126582263,-8.664936708860761,-2.767341772151899,-1.56,-8.75,-2.34,-2.97,-9.84,-5.47,5.78,-6.09,0.0,-2.19,-8.985,-3.59,-1.56,-8.75,-2.34,1.33,-8.44,-2.03,0.847316526561106,1.3617723308969654,-0.6285032007554433,-34.58999999999999,-684.5300000000001,-218.62,2.1932201304779073,0.5591015535883684,1.0859837899115554,4.810214540733528,0.3125945472249272,1.1793607919506655,1690885590.41,41120.378981595,0.7800000000000007,8.174418736826564e+36,6.0751511269117714e+19
1690881740,RUS,2.03,-7.97,-3.59,1.6166323220920664,13.289421039506129,-0.5771391009598807,1.4200000000000002,-8.059240506329111,-4.179113924050631,0.78,-8.12,-4.22,0.0,-8.75,-5.31,5.94,-5.62,-2.81,0.47,-8.28,-4.53,0.78,-8.12,-4.22,1.7999999999999998,-7.97,-3.75,1.5801359824192733,2.82694683738156,0.21267397223583026,112.18,-636.6799999999998,-330.14999999999986,1.4030753767422879,0.4393344971539155,0.5400051991046434,1.968620512820513,0.1930148003894838,0.2916056150600455,1690881690.0,41120.33163849727,0.77,8.174343339771173e+36,6.075122487770829e+19
1690888842,RUS,0.78,-8.44,-4.22,1.3060903807311584,0.4090876073086527,4.691420829590566,0.3769620253164557,-8.41696202531646,-3.83886075949367,0.47,-8.44,-3.75,-1.56,-8.91,-5.78,3.28,-7.81,-3.12,-0.16,-8.59,-4.06,0.47,-8.44,-3.75,0.94,-8.28,-3.59,-0.03318744340841873,0.4472182796385657,-1.743558053558346,29.779999999999998,-664.9400000000003,-303.2699999999999,0.8207694239293908,0.25012486333306416,0.4616191885475659,0.673662447257384,0.06256244725738404,0.2130922752353132,1690881749.22,41120.33234714914,0.16000000000000003,8.174344500019422e+36,6.0751229177941254e+19
1690888903,RUS,0.0,-8.59,-4.06,0.10871797670923344,0.2755040734487131,3.3033790243449412,-0.061139240506329115,-8.422784810126583,-3.7456962025316436,0.0,-8.44,-3.75,-1.09,-8.91,-4.84,1.41,-7.81,-2.19,-0.31,-8.59,-4.06,0.0,-8.44,-3.75,0.31,-8.28,-3.59,0.15460958619115736,0.5915505682474356,0.9588947773614874,-4.83,-665.4000000000001,-295.90999999999985,0.49261465499133933,0.23783713835667955,0.41801019354612784,0.24266919831223627,0.056566504381694326,0.17473252190847124,1690888850.59,41120.41869205614,0.3100000000000004,8.174481835609543e+36,6.075175145554956e+19
1690888903,RUS,-0.62,-8.44,-3.75,2.2004799518037435,-1.3870851838617517,10.76806984959702,0.3975949367088608,-3.160253164556962,-3.812784810126583,0.0,-8.28,-3.75,-0.94,-8.91,-5.62,3.59,8.59,-3.12,-0.31,-8.59,-3.985,0.0,-8.28,-3.75,0.62,8.2,-3.59,1.651337477515908,0.8028302382380238,-2.1800338010989933,31.410000000000004,-249.65999999999997,-301.21000000000004,1.0023871701834544,7.876196201324129,0.33068280839243763,1.0047800389483934,62.03446660175265,0.10935111976630964,1690888912.06,41120.41942806518,0.15000000000000002,8.17448301521025e+36,6.0751755902877024e+19
1690885397,RUS,0.94,8.59,-3.91,2.1637974563133207,-1.3054123325941807,0.12376363375130905,1.6136708860759497,2.6993670886075942,-3.3344303797468355,1.09,7.97,-3.44,-3.59,-9.69,-7.19,9.06,11.25,-1.09,0.47,-9.06,-4.14,1.09,7.97,-3.44,1.88,8.59,-2.42,1.3802435215313567,-0.7767473541705516,-0.296713313771832,127.48000000000002,213.24999999999994,-263.42,2.5387207444893356,7.976772906667457,1.2611073144472749,6.445103018500486,63.628906004543985,1.5903916585524178,1690885406.53,41120.377023198605,0.3100000000000003,8.174415217383291e+36,6.075149938433562e+19
1690882449,RUS,0.31,-9.38,-1.56,-0.13580567485661899,0.31993660884811614,0.5185346088405325,0.9729113924050631,-9.41240506329114,-1.901139240506329,0.94,-9.38,-1.88,0.0,-10.0,-3.12,2.03,-8.91,-0.78,0.78,-9.53,-2.19,0.94,-9.38,-1.88,1.25,-9.22,-1.56,-0.034512681969221394,-0.05254611444539987,-0.2909357369405607,76.85999999999999,-743.58,-150.19,0.39936857823169514,0.20278329465076472,0.3958988064883537,0.1594952612788056,0.04112106458941886,0.15673586497890293,1690882338.69,41120.33949191081,0.15,8.174355889796276e+36,6.07512724241294e+19
1690882509,RUS,1.72,-9.22,-1.25,-0.10567190249224856,0.24795677198695154,1.0042437829329507,1.1720253164556962,-9.380759493670887,-1.9572151898734174,1.25,-9.38,-2.03,0.16,-9.84,-2.81,1.88,-8.75,-0.94,0.94,-9.53,-2.19,1.25,-9.38,-2.03,1.4849999999999999,-9.22,-1.72,-0.47652536657765854,0.37890867190023136,0.44888002021218015,92.59,-741.08,-154.61999999999998,0.3826372043072797,0.23710201283845708,0.32550133604381665,0.1464112301200909,0.056217364492047874,0.10595111976630966,1690882459.94,41120.34097013302,1.0899999999999992,8.174358210295566e+36,6.0751281360101695e+19
1690882569,RUS,0.78,-9.38,-2.03,-0.10553375260205344,-0.34613433707618624,5.1464358265155195,0.7787341772151898,-9.317088607594936,-2.0862025316455695,0.78,-9.38,-2.03,-0.78,-9.84,-4.22,2.03,-8.59,-0.78,0.47,-9.53,-2.19,0.78,-9.38,-2.03,1.09,-9.14,-1.88,-0.12283209153298652,0.44283835392695203,-1.338970438463964,61.51999999999999,-736.05,-164.80999999999997,0.5531225280138476,0.26155919023569824,0.4872721131987762,0.30594453099642965,0.06841320999675417,0.237434112301201,1690882519.16,41120.34168632357,0.45999999999999863,8.174359370545397e+36,6.0751285697403314e+19
1690882629,RUS,1.09,-9.38,-2.66,-0.6315794640967565,-0.47231249234738915,5.017317107481226,0.7036708860759493,-9.341139240506326,-2.0912658227848104,0.78,-9.38,-2.03,-0.47,-9.84,-3.12,1.72,-8.75,0.0,0.31,-9.53,-2.34,0.78,-9.38,-2.03,1.09,-9.22,-1.88,-0.02941288114646615,0.22421493293252373,1.0318320976771014,55.589999999999996,-737.9499999999998,-165.21,0.5374492873278416,0.2564400631815237,0.4588457287491097,0.2888517364492048,0.06576150600454386,0.2105394027913016,1690882579.47,41120.34241965891,0.619999999999999,8.174360530795351e+36,6.0751290133105705e+19
